Order_ID,Order_Date,Region,Product,Category,Quantity,Unit_Price,Discount,Sales,Profit,Salesperson
S0001,2026-01-27,North,Smartphone,Electronics,1.0,28000.0,0.05,26600.0,3137.36,Vijay
S0002,2026-06-04,North,Laptop,Electronics,1.0,55000.0,0.05,52250.0,6246.61,Divya
S0003,2026-01-02,South,Tablet,Electronics,4.0,22000.0,0.2,70400.0,8961.39,Vijay
S0004,2026-03-28,North,Mouse,Accessories,5.0,400.0,0.05,1900.0,461.18,Priya
S0005,2026-01-12,West,Tablet,Electronics,2.0,22000.0,0.1,39600.0,7232.28,Priya
S0006,2026-06-08,East,Tablet,Electronics,2.0,30000.0,0.1,54000.0,11933.93,Divya
S0007,2026-03-01,North,Smartphone,Electronics,1.0,22000.0,0.1,19800.0,4900.26,Vijay
S0008,2026-04-01,,Keyboard,Accessories,8.0,1600.0,0.1,11520.0,1240.14,Rahul
S0009,2026-03-11,South,Smartphone,Electronics,3.0,22000.0,0.05,62700.0,9943.23,Sneha
S0010,2026-01-17, south ,Laptop,Electronics,4.0,55000.0,0.1,198000.0,29343.21,Sneha
S0011,2026-02-05,South,Monitor,Electronics,8.0,18000.0,0.15,122400.0,12764.87,Rahul
S0012,2026-02-05,West,Tablet,Electronics,7.0,22000.0,0.05,146300.0,36508.49,Priya
S0013,2026-04-19,North,Laptop,Electronics,five,62000.0,0.05,117800.0,25286.18,Vijay
S0014,2026-01-03,North,Tablet,Electronics,8.0,30000.0,0.1,216000.0,52938.0,Rahul
S0015,15/02/2026,East,Mouse,Accessories,2.0,650.0,0.15,1105.0,118.11,Karthik
S0016,2026-02-11,North,Smartphone,Electronics,5.0,22000.0,0.05,104500.0,15002.58,Sneha
S0017,2026-03-20,South,Smartwatch,Wearables,1.0,5000.0,0.1,4500.0,1032.22,Arun
S0018,2026-05-17,South,Monitor,Electronics,2.0,9000.0,0.15,15300.0,3346.48,Karthik
S0019,2026-04-19,South,,Wearables,3.0,8000.0,0.2,19200.0,4383.62,Divya
S0020,2026-05-13,West,Keyboard,Accessories,7.0,1600.0,0.1,10080.0,1557.13,Priya
S0021,2026-05-22,South,Monitor,Electronics,4.0,9000.0,0.1,32400.0,2707.86,Divya
S0022,2026-01-09,East,Laptop,Electronics,2.0,55000.0,0.05,104500.0,9557.37,Priya
S0023,2026-05-27,NORTH,Monitor,Electronics,5.0,18000.0,0.05,85500.0,14677.77,Divya
S0024,2026-04-21,East,Smartwatch,Wearables,7.0,5000.0,0.0,35000.0,3376.74,Vijay
S0025,2026-06-15,North,Tablet,Electronics,8.0,30000.0,0.0,240000.0,46673.27,Arun
S0026,2026-05-18,West,Tablet,Electronics,6.0,15000.0,0.05,85500.0,9624.76,Karthik
S0027,2026-01-20,West,Tablet,Electronics,3.0,22000.0,0.15,56100.0,6870.4,Priya
S0028,2026/03/18,West,Laptop,Electronics,1.0,55000.0,0.05,52250.0,5657.26,Divya
S0029,2026-04-10,East,Tablet,Electronics,1.0,15000.0,0.15,12750.0,1024.67,Meena
S0030,2026-05-05,South,Keyboard,Accessories,,1600.0,0.2,8960.0,1724.96,Divya
S0031,2026-01-16,East,Keyboard,Accessories,4.0,700.0,0.2,2240.0,459.37,Arun
S0032,2026-01-21,South,Laptop,Electronics,-2,62000.0,0.0,496000.0,120692.88,Priya
S0033,2026-05-26,South,Smartphone,Electronics,4.0,35000.0,0.0,140000.0,33609.99,Arun
S0034,2026-03-22,South,Smartphone,Electronics,7.0,28000.0,0.1,176400.0,20237.32,Rahul
S0035,2026-01-19,North,Tablet,Electronics,3.0,30000.0,0.1,81000.0,12775.98,Meena
S0036,2026-03-31,North,Smartphone,Electronics,2.0,22000.0,0.2,35200.0,4402.96,Divya
S0037,2026-06-30,East,Mouse,Accessories,3 units,400.0,0.15,1700.0,376.95,Arun
S0038,2026-01-28,South,Keyboard,Accessories,2.0,700.0,0.1,1260.0,125.52,Rahul
S0039,2026-06-12,East,Keyboard,Accessories,4.0,1600.0,0.1,5760.0,660.16,Meena
S0040,2026-01-12,North,Keyboard,Accessories,1.0,700.0,0.15,99999,131.49,Sneha
S0041,2026-04-20,North,Headphones,Accessories,5.0,1800.0,0.15,7650.0,1329.46,Priya
S0042,2026-02-07,West,Smartphone,Electronics,3.0,18000.0,0.1,48600.0,8700.69,Karthik
S0043,2026-02-23,South,Laptop,Electronics,5.0,68000.0,0.0,340000.0,79157.84,Priya
S0044,2026-03-02,South,Mouse,Accessories,7.0,900.0,0.05,5985.0,1420.72,Karthik
S0045,2026-04-16,South,Tablet,Electronics,1.0,,0.1,13500.0,2875.58,Rahul
S0046,2026-02-26,South,Headphones,Accessories,2.0,3200.0,0.0,6400.0,1446.15,Meena
S0047,2026-02-19,West,Mouse,Accessories,5.0,400.0,0.05,1900.0,159.64,Sneha
S0048,2026-04-13,East,Keyboard,Accessories,2.0,1100.0,0.1,1980.0,374.32,Arun
S0049,2026-03-09,west,Smartphone,Electronics,5.0,22000.0,0.2,88000.0,21439.51,Priya
S0050,2026-05-11,North,Tablet,Electronics,6.0,30000.0,0.1,162000.0,24978.29,Vijay
S0051,2026-05-18,South,Monitor,Electronics,5.0,9000.0,0.15,38250.0,3071.0,Sneha
S0052,2026-06-19,North,Tablet,Electronics,2.0,30000.0,0.1,54000.0,10040.57,Rahul
S0053,2026-05-22,,Keyboard,Accessories,7.0,1100.0,0.15,6545.0,1299.35,Divya
S0054,2026-03-19,West,Tablet,Electronics,7.0,30000.0,0.05,199500.0,36835.19,Arun
S0055,2026-06-05,East,Keyboard,Accessories,5.0,-5000,0.15,2975.0,635.4,Meena
S0056,2026-02-13,North,Smartwatch,Wearables,8.0,12000.0,0.05,91200.0,15221.24,Rahul
S0057,2026-02-20,South,Mouse,Accessories,2.0,400.0,0.1,720.0,85.1,Arun
S0058,2026-01-19,West,Laptop,Electronics,4.0,72000.0,0.2,,51714.53,Vijay
S0059,2026-06-17,North,Monitor,Electronics,7.0,18000.0,0.15,107100.0,13010.22,Priya
S0060,2026-05-23,South,Tablet,Electronics,4.0,15000.0,0.2,48000.0,7630.73,Priya
S0061,2026-06-02,East,Smartwatch,Wearables,3.0,8000.0,0.2,19200.0,4760.48,Meena
S0062,2026-03-05,East,Tablet,Electronics,8.0,15000.0,0.15,102000.0,15964.21,Meena
S0063,2026-03-02,East,Monitor,Electronics,5.0,18000.0,0.0,90000.0,18117.24,Sneha
S0064,2026-06-27,South,Mouse,Accessories,2.0,18000 INR,0.05,760.0,90.68,Divya
S0065,2026-04-17,North,Smartphone,Electronics,7.0,35000.0,0.1,220500.0,37979.78,Divya
S0066,2026-05-28,West,Tablet,Electronics,7.0,30000.0,0.0,210000.0,47385.33,Meena
S0067,2026-04-18,South,Laptop,Electronics,6.0,68000.0,0.15,346800.0,78059.88,Meena
S0068,2026-03-28,West,Monitor,Electronics,5.0,18000.0,0.15,76500.0,6497.47,Karthik
S0069,"April 12, 2026",North,Smartwatch,Wearables,3.0,12000.0,0.2,28800.0,2436.03,Priya
S0070,2026-04-08,East,Tablet,Electronics,3.0,22000.0,0.05,62700.0,5551.98,Divya
S0071,2026-04-18,East,Smartwatch,Wearables,6.0,8000.0,0.15,40800.0,5193.99,Priya
S0072,2026-03-31,South, laptop ,Wearables,1.0,12000.0,0.2,9600.0,853.0,Priya
S0073,2026-06-09,South,Laptop,Electronics,1.0,62000.0,0.05,58900.0,13115.2,Divya
S0074,2026-04-30,East,Headphones,Accessories,8.0,1200.0,0.2,7680.0,,Sneha
S0075,2026-01-07,East,Headphones,Accessories,2.0,1800.0,0.1,3240.0,318.74,Vijay
S0076,2026-06-10,South,Tablet,Electronics,4.0,15000.0,0.2,48000.0,9475.41,Priya
S0077,2026-04-20,East,Keyboard,Accessories,2.0,1600.0,1.25,3200.0,444.88,Priya
S0078,2026-04-03,West,Mouse,Accessories,1.0,650.0,0.15,552.5,54.11,Karthik
S0079,2026-03-11,West,Tablet,Electronics,3.0,30000.0,0.2,72000.0,17577.4,Meena
S0080,2026-01-23,East,Tablet,electronics,5.0,22000.0,0.05,104500.0,23117.94,Meena
S0081,2026-03-25,South,Monitor,Electronics,8.0,18000.0,0.1,129600.0,11000.32,Meena
S0082,2026-06-02,East,Monitor,Electronics,6.0,15000.0,0.1,81000.0,10330.9,Arun
S0083,2026-03-03,West,Monitor,Electronics,2.0,12000.0,0.15,24500,3326.39,Meena
S0084,2026-06-27,South,Smartwatch,Wearables,1.0,5000.0,0.1,4500.0,529.52,Rahul
S0085,2026-05-21,East,Mouse,Accessories,8.0,900.0,0.2,5760.0,100,Sneha
S0086,2026-02-19,East,Smartwatch,Wearables,5.0,8000.0,0.1,36000.0,4290.89,Priya
S0087,2026-05-31,East,Headphones,Accessories,4.0,1800.0,0.15,6120.0,777.27,Priya
S0088,2026-01-04,South,Monitor,Electronics,5.0,12000.0,0.1,54000.0,5967.27,Rahul
S0089,not available,North,Laptop,Electronics,1.0,68000.0,0.05,64600.0,12173.08,Arun
S0090,2026-01-14,East,Keyboard,Accessories,8.0,1100.0,0.15,7480.0,1031.64,Meena
S0091,2026-06-11,North,Smartphone,Electronics,2.0,35000.0,0.15,59500.0,5509.34,Karthik
S0092,2026-04-17,South,Headphones,Accessories,5.0,1200.0,0.05,5700.0,570.78,
S0093,2026-03-20,North,Smartwatch,Wearables,8.0,8000.0,0.2,51200.0,12713.23,Priya
S0094,2026-02-14,North,Monitor,Electronics,4.0,15000.0,0.0,60000.0,6401.98,Karthik
S0095,2026-01-09,South,Laptop,Electronics,7.0,72000.0,0.2,403200.0,64465.68,Rahul
S0096,2026-06-10,South,Keyboard,Accessories,8.0,700.0,0.05,5320.0,1261.19,Vijay
S0097,2026-01-19,North,Smartphone,Electronics,4.0,22000.0,0.1,79200.0,3200.50,Karthik
S0098,2026-03-19,West,Keyboard,Accessories,5.0,1100.0,0.0,5500.0,878.23,Rahul
S0099,2026-04-21,East,   ,Wearables,8.0,5000.0,0.2,32000.0,2776.84,Rahul
S0100,2026-01-06,East,Laptop,Electronics,2.0,62000.0,0.2,99200.0,17837.24,Arun
S0101,2026-05-30,West,Headphones,Accessories,8.0,3200.0,0.1,23040.0,2554.06,Meena
S0102,2026-06-21,North,Smartphone,Electronics,8.0,28000.0,0.15,190400.0,26020.53, priya 
S0103,2026-04-13,North,Mouse,Accessories,7.0,900.0,0.15,5355.0,690.78,Meena
S0104,2026-04-14,North,Smartphone,Electronics,6.0,28000.0,0.1,151200.0,15075.65,Meena
S0105,2026-05-08,West,Tablet,Electronics,1.0,15000.0,0.2,12000.0,1698.03,Arun
S0106,,West,Monitor,Electronics,5.0,12000.0,0.1,54000.0,8341.91,Priya
S0107,2026-05-22,West,Laptop,Electronics,4.0,62000.0,0.1,223200.0,38757.04,Priya
S0108,2026-02-09,West,Monitor,Electronics,2.0,18000.0,0.0,36000.0,6843.98,Rahul
S0109,2026-05-22,South,Keyboard,Accessories,7.0,1100.0,0.15,6545.0,794.79,
S0110,2026-04-17,East,Monitor,Electronics,3.0,9000.0,0.1,24300.0,5135.92,Rahul
S0111,2026-06-18,West,Laptop,Electronics,5.0,68000.0,0.2,-15000,48575.66,Karthik
S0112,2026-05-20,West,Smartwatch,Wearables,8.0,8000.0,0.1,57600.0,10012.38,Meena
S0113,2026-03-01,West,Mouse,Accessories,4.0,900.0,0.05,500,606.04,Arun
S0114,2026-06-19,South,Mouse,Accessories,8.0,900.0,0.15,6120.0,891.28,Meena
S0115,2026-04-23,North,Laptop,Electronics,3.0,68000.0,0.0,204000.0,46636.92,Meena
S0021,2026-05-22,South,Monitor,Electronics,4.0,9000.0,0.1,32400.0,2707.86,Divya
S0117,2026-05-05,North,Smartphone,Electronics,6.0,35000.0,0.1,189000.0,-3000,Priya
S0118,2026-01-26,North,Monitor,Electronics,5.0,12000.0,0.0,60000.0,9226.51,Meena
S0119,2026-01-15,East,Headphones,Accessories,5.0,1200.0,0.0,6000.0,810.86,Sneha
S0046,2026-02-26,South,Headphones,Accessories,2.0,3200.0,0.0,6400.0,1446.15,Meena
